{
  "best_model_name": "RandomForest (tuned)",
  "best_model_name_canonical": "RandomForestClassifier",
  "best_model_label": "RandomForest (tuned)",
  "best_model_canonical": "RandomForestClassifier",
  "selection_criterion": "roc_auc_cv_train",
  "cv_score_train": 0.9279582542943938,
  "test_metrics": {
    "display_name": "RandomForest (tuned)",
    "accuracy": 0.89,
    "f1": 0.7509433962264151,
    "f1_macro": 0.8401775804661488,
    "f1_weighted": 0.8825638179800221,
    "roc_auc": 0.9286937892964258,
    "accuracy_test": 0.89,
    "f1_test": 0.7509433962264151,
    "f1_macro_test": 0.8401775804661488,
    "f1_weighted_test": 0.8825638179800221,
    "roc_auc_test": 0.9286937892964258
  },
  "dataset_info": {
    "file": "S06-hw-dataset-02.csv",
    "n_samples": 18000,
    "n_features": 37,
    "target_distribution": {
      "0": 0.7373888888888889,
      "1": 0.26261111111111113
    },
    "random_state": 42,
    "test_size": 0.2
  }
}